{
	"format_version": "1.12",
	"minecraft:recipe_shaped": {
		"description": {
			"identifier": "ms:natures_blade"
		},
		"tags": [
			"crafting_table"
		],
		"pattern": [
			"abc",
			"def",
			"ghi"
		],
		"key": {
			"a": {
				"item": "minecraft:log",
				"data": 0
			},
			"b": {
				"item": "ms:forbidden_orb"
			},
			"c": {
				"item": "minecraft:log",
				"data": 3
			},
			"d": {
				"item": "minecraft:log",
				"data": 1
			},
			"e": {
				"item": "minecraft:golden_axe"
			},
			"f": {
				"item": "minecraft:log2",
				"data": 0
			},
			"g": {
				"item": "minecraft:log",
				"data": 2
			},
			"h": {
				"item": "ms:momendum_shard"
			},
			"i": {
				"item": "minecraft:log2",
				"data": 1
			}
		},
		"result": {
			"item": "ms:natures_blade"
		}
	}
}