{
	"resource_pack_name": "More Survival Stuff",
	"texture_name": "atlas.items",
	"texture_data": {
		"ms_momendum_shard": {
			"textures": "textures/items/momendum_shard"
		},
		"ms_momendum_pickaxe": {
			"textures": "textures/items/momendum_pickaxe"
		},
		"ms_forbidden_orb": {
			"textures": "textures/items/forbidden_orb"
		},
		"ms_faded_orb": {
			"textures": "textures/items/faded_orb"
		},
		"ms_m_diamond_pickaxe": {
			"textures": "textures/items/diamond_pickaxe"
		},
		"ms_m_iron_pickaxe": {
			"textures": "textures/items/iron_pickaxe"
		},
		"ms_natures_blade": {
			"textures": "textures/items/natures_blade"
		},
		"ms_saturated_blade": {
			"textures": "textures/items/satured_blade"
		}
	}
}