{
	"format_version": "1.16.100",
	"minecraft:item": {
		"description": {
			"category": "equipment",
			"identifier": "ms:m_diamond_pickaxe"
		},
		"components": {
			"minecraft:creative_category": {
				"parent": "itemGroup.name.pickaxe"
			},
			"minecraft:max_stack_size": 1,
			"minecraft:hand_equipped": true,
			"minecraft:durability": {
				"max_durability": 1561
			},
			"minecraft:icon": {
				"texture": "ms_m_diamond_pickaxe"
			},
			"minecraft:weapon": {
				"on_hurt_entity": {
					"event": "morestuff:durability"
				}
			},
			"minecraft:repairable": {
				"repair_items": [
					{
						"items": [
							"minecraft:diamond"
						],
						"repair_amount": 781
					}
				]
			},
			"minecraft:mining_speed": 1,
			"minecraft:damage": 5,
			"minecraft:enchantable": {
				"value": 10,
				"slot": "pickaxe"
			},
			"minecraft:digger": {
				"use_efficiency": true,
				"destroy_speeds": [
					{
						"block": "ms:momendum_ore",
						"speed": 15,
						"on_dig": {
							"event": "morestuff:durability"
						}
					},
					{
						"block": "ms:forbidden_orb_ore",
						"speed": 18,
						"on_dig": {
							"event": "morestuff:durability"
						}
					},
					{
						"block": {
							"tags": "(query.any_tag('stone','metal','cobblestone','bricks','iron_pick_diggable'))"
						},
						"speed": 8,
						"on_dig": {
							"event": "morestuff:durability"
						}
					},
					{
						"block": "minecraft:ice",
						"speed": 8,
						"on_dig": {
							"event": "morestuff:durability"
						}
					},
					{
						"block": "minecraft:sandstone",
						"speed": 8,
						"on_dig": {
							"event": "morestuff:durability"
						}
					},
					{
						"block": "minecraft:blackstone",
						"speed": 8,
						"on_dig": {
							"event": "morestuff:durability"
						}
					},
					{
						"block": "minecraft:polished_blackstone_bricks",
						"speed": 8,
						"on_dig": {
							"event": "morestuff:durability"
						}
					},
					{
						"block": "minecraft:polished_blackstone_brick_stairs",
						"speed": 8,
						"on_dig": {
							"event": "morestuff:durability"
						}
					},
					{
						"block": "minecraft:blackstone_stairs",
						"speed": 8,
						"on_dig": {
							"event": "morestuff:durability"
						}
					},
					{
						"block": "minecraft:blackstone_wall",
						"speed": 8,
						"on_dig": {
							"event": "morestuff:durability"
						}
					},
					{
						"block": "minecraft:polished_blackstone_brick_wall",
						"speed": 8,
						"on_dig": {
							"event": "morestuff:durability"
						}
					},
					{
						"block": "minecraft:chiseled_polished_blackstone",
						"speed": 8,
						"on_dig": {
							"event": "morestuff:durability"
						}
					},
					{
						"block": "minecraft:cracked_polished_blackstone_bricks",
						"speed": 8,
						"on_dig": {
							"event": "morestuff:durability"
						}
					},
					{
						"block": "minecraft:gilded_blackstone",
						"speed": 8,
						"on_dig": {
							"event": "morestuff:durability"
						}
					},
					{
						"block": "minecraft:blackstone_slab",
						"speed": 8,
						"on_dig": {
							"event": "morestuff:durability"
						}
					},
					{
						"block": "minecraft:blackstone_double_slab",
						"speed": 8,
						"on_dig": {
							"event": "morestuff:durability"
						}
					},
					{
						"block": "minecraft:polished_blackstone_brick_slab",
						"speed": 8,
						"on_dig": {
							"event": "morestuff:durability"
						}
					},
					{
						"block": "minecraft:polished_blackstone_brick_double_slab",
						"speed": 8,
						"on_dig": {
							"event": "morestuff:durability"
						}
					},
					{
						"block": "minecraft:polished_blackstone",
						"speed": 8,
						"on_dig": {
							"event": "morestuff:durability"
						}
					},
					{
						"block": "minecraft:polished_blackstone_stairs",
						"speed": 8,
						"on_dig": {
							"event": "morestuff:durability"
						}
					},
					{
						"block": "minecraft:polished_blackstone_slab",
						"speed": 8,
						"on_dig": {
							"event": "morestuff:durability"
						}
					},
					{
						"block": "minecraft:polished_blackstone_double_slab",
						"speed": 8,
						"on_dig": {
							"event": "morestuff:durability"
						}
					},
					{
						"block": "minecraft:polished_blackstone_pressure_plate",
						"speed": 8,
						"on_dig": {
							"event": "morestuff:durability"
						}
					},
					{
						"block": "minecraft:polished_blackstone_button",
						"speed": 8,
						"on_dig": {
							"event": "morestuff:durability"
						}
					},
					{
						"block": "minecraft:polished_blackstone_wall",
						"speed": 8,
						"on_dig": {
							"event": "morestuff:durability"
						}
					},
					{
						"block": "minecraft:crying_obsidian",
						"speed": 8,
						"on_dig": {
							"event": "morestuff:durability"
						}
					},
					{
						"block": "minecraft:obsidian",
						"speed": 8,
						"on_dig": {
							"event": "morestuff:durability"
						}
					},
					{
						"block": "minecraft:netherite_block",
						"speed": 8,
						"on_dig": {
							"event": "morestuff:durability"
						}
					},
					{
						"block": "minecraft:emerald_ore",
						"speed": 8,
						"on_dig": {
							"event": "morestuff:durability"
						}
					},
					{
						"block": "minecraft:quartz_ore",
						"speed": 8,
						"on_dig": {
							"event": "morestuff:durability"
						}
					},
					{
						"block": "minecraft:nether_gold_ore",
						"speed": 8,
						"on_dig": {
							"event": "morestuff:durability"
						}
					},
					{
						"block": "minecraft:diamond_block",
						"speed": 8,
						"on_dig": {
							"event": "morestuff:durability"
						}
					},
					{
						"block": "minecraft:emerald_block",
						"speed": 8,
						"on_dig": {
							"event": "morestuff:durability"
						}
					},
					{
						"block": "minecraft:coal_block",
						"speed": 8,
						"on_dig": {
							"event": "morestuff:durability"
						}
					},
					{
						"block": "minecraft:lapis_block",
						"speed": 8,
						"on_dig": {
							"event": "morestuff:durability"
						}
					},
					{
						"block": "minecraft:redstone_block",
						"speed": 8,
						"on_dig": {
							"event": "morestuff:durability"
						}
					},
					{
						"block": "minecraft:red_sandstone",
						"speed": 8,
						"on_dig": {
							"event": "morestuff:durability"
						}
					},
					{
						"block": "minecraft:stonebrick",
						"speed": 8,
						"on_dig": {
							"event": "morestuff:durability"
						}
					},
					{
						"block": "minecraft:end_bricks",
						"speed": 8,
						"on_dig": {
							"event": "morestuff:durability"
						}
					},
					{
						"block": "minecraft:prismarine",
						"speed": 8,
						"on_dig": {
							"event": "morestuff:durability"
						}
					},
					{
						"block": "minecraft:purpur_block",
						"speed": 8,
						"on_dig": {
							"event": "morestuff:durability"
						}
					},
					{
						"block": "minecraft:quartz_block",
						"speed": 8,
						"on_dig": {
							"event": "morestuff:durability"
						}
					},
					{
						"block": "minecraft:quartz_bricks",
						"speed": 8,
						"on_dig": {
							"event": "morestuff:durability"
						}
					},
					{
						"block": "minecraft:smooth_stone",
						"speed": 8,
						"on_dig": {
							"event": "morestuff:durability"
						}
					},
					{
						"block": "minecraft:nether_brick",
						"speed": 8,
						"on_dig": {
							"event": "morestuff:durability"
						}
					},
					{
						"block": "minecraft:red_nether_brick",
						"speed": 8,
						"on_dig": {
							"event": "morestuff:durability"
						}
					},
					{
						"block": "minecraft:chiseled_nether_bricks",
						"speed": 8,
						"on_dig": {
							"event": "morestuff:durability"
						}
					},
					{
						"block": "minecraft:cracked_nether_bricks",
						"speed": 8,
						"on_dig": {
							"event": "morestuff:durability"
						}
					},
					{
						"block": "minecraft:bone_block",
						"speed": 8,
						"on_dig": {
							"event": "morestuff:durability"
						}
					},
					{
						"block": "minecraft:concrete",
						"speed": 8,
						"on_dig": {
							"event": "morestuff:durability"
						}
					},
					{
						"block": "minecraft:honeycomb_block",
						"speed": 8,
						"on_dig": {
							"event": "morestuff:durability"
						}
					},
					{
						"block": "minecraft:packed_ice",
						"speed": 8,
						"on_dig": {
							"event": "morestuff:durability"
						}
					},
					{
						"block": "minecraft:blue_ice",
						"speed": 8,
						"on_dig": {
							"event": "morestuff:durability"
						}
					},
					{
						"block": "minecraft:ancient_debris",
						"speed": 8,
						"on_dig": {
							"event": "morestuff:durability"
						}
					},
					{
						"block": "minecraft:netherrack",
						"speed": 8,
						"on_dig": {
							"event": "morestuff:durability"
						}
					},
					{
						"block": "minecraft:magma",
						"speed": 8,
						"on_dig": {
							"event": "morestuff:durability"
						}
					},
					{
						"block": "minecraft:mob_spawner",
						"speed": 8,
						"on_dig": {
							"event": "morestuff:durability"
						}
					},
					{
						"block": "minecraft:end_stone",
						"speed": 8,
						"on_dig": {
							"event": "morestuff:durability"
						}
					},
					{
						"block": "minecraft:ender_chest",
						"speed": 8,
						"on_dig": {
							"event": "morestuff:durability"
						}
					},
					{
						"block": "minecraft:shulker_box",
						"speed": 8,
						"on_dig": {
							"event": "morestuff:durability"
						}
					},
					{
						"block": "minecraft:undyed_shulker_box",
						"speed": 8,
						"on_dig": {
							"event": "morestuff:durability"
						}
					},
					{
						"block": "minecraft:basalt",
						"speed": 8,
						"on_dig": {
							"event": "morestuff:durability"
						}
					},
					{
						"block": "minecraft:polished_basalt",
						"speed": 8,
						"on_dig": {
							"event": "morestuff:durability"
						}
					},
					{
						"block": "minecraft:crimson_nylium",
						"speed": 8,
						"on_dig": {
							"event": "morestuff:durability"
						}
					},
					{
						"block": "minecraft:warped_nylium",
						"speed": 8,
						"on_dig": {
							"event": "morestuff:durability"
						}
					},
					{
						"block": "minecraft:coral",
						"speed": 8,
						"on_dig": {
							"event": "morestuff:durability"
						}
					},
					{
						"block": "minecraft:coral_block",
						"speed": 8,
						"on_dig": {
							"event": "morestuff:durability"
						}
					},
					{
						"block": "minecraft:coral_fan",
						"speed": 8,
						"on_dig": {
							"event": "morestuff:durability"
						}
					},
					{
						"block": "minecraft:coral_fan_dead",
						"speed": 8,
						"on_dig": {
							"event": "morestuff:durability"
						}
					},
					{
						"block": "minecraft:coral_fan_hang",
						"speed": 8,
						"on_dig": {
							"event": "morestuff:durability"
						}
					},
					{
						"block": "minecraft:coral_fan_hang2",
						"speed": 8,
						"on_dig": {
							"event": "morestuff:durability"
						}
					},
					{
						"block": "minecraft:coral_fan_hang3",
						"speed": 8,
						"on_dig": {
							"event": "morestuff:durability"
						}
					},
					{
						"block": "minecraft:purple_glazed_terracotta",
						"speed": 8,
						"on_dig": {
							"event": "morestuff:durability"
						}
					},
					{
						"block": "minecraft:white_glazed_terracotta",
						"speed": 8,
						"on_dig": {
							"event": "morestuff:durability"
						}
					},
					{
						"block": "minecraft:orange_glazed_terracotta",
						"speed": 8,
						"on_dig": {
							"event": "morestuff:durability"
						}
					},
					{
						"block": "minecraft:magenta_glazed_terracotta",
						"speed": 8,
						"on_dig": {
							"event": "morestuff:durability"
						}
					},
					{
						"block": "minecraft:light_blue_glazed_terracotta",
						"speed": 8,
						"on_dig": {
							"event": "morestuff:durability"
						}
					},
					{
						"block": "minecraft:yellow_glazed_terracotta",
						"speed": 8,
						"on_dig": {
							"event": "morestuff:durability"
						}
					},
					{
						"block": "minecraft:lime_glazed_terracotta",
						"speed": 8,
						"on_dig": {
							"event": "morestuff:durability"
						}
					},
					{
						"block": "minecraft:pink_glazed_terracotta",
						"speed": 8,
						"on_dig": {
							"event": "morestuff:durability"
						}
					},
					{
						"block": "minecraft:gray_glazed_terracotta",
						"speed": 8,
						"on_dig": {
							"event": "morestuff:durability"
						}
					},
					{
						"block": "minecraft:silver_glazed_terracotta",
						"speed": 8,
						"on_dig": {
							"event": "morestuff:durability"
						}
					},
					{
						"block": "minecraft:cyan_glazed_terracotta",
						"speed": 8,
						"on_dig": {
							"event": "morestuff:durability"
						}
					},
					{
						"block": "minecraft:blue_glazed_terracotta",
						"speed": 8,
						"on_dig": {
							"event": "morestuff:durability"
						}
					},
					{
						"block": "minecraft:brown_glazed_terracotta",
						"speed": 8,
						"on_dig": {
							"event": "morestuff:durability"
						}
					},
					{
						"block": "minecraft:green_glazed_terracotta",
						"speed": 8,
						"on_dig": {
							"event": "morestuff:durability"
						}
					},
					{
						"block": "minecraft:red_glazed_terracotta",
						"speed": 8,
						"on_dig": {
							"event": "morestuff:durability"
						}
					},
					{
						"block": "minecraft:black_glazed_terracotta",
						"speed": 8,
						"on_dig": {
							"event": "morestuff:durability"
						}
					},
					{
						"block": "minecraft:terracotta",
						"speed": 8,
						"on_dig": {
							"event": "morestuff:durability"
						}
					},
					{
						"block": "minecraft:lantern",
						"speed": 8,
						"on_dig": {
							"event": "morestuff:durability"
						}
					},
					{
						"block": "minecraft:soul_lantern",
						"speed": 8,
						"on_dig": {
							"event": "morestuff:durability"
						}
					},
					{
						"block": "minecraft:grindstone",
						"speed": 8,
						"on_dig": {
							"event": "morestuff:durability"
						}
					},
					{
						"block": "minecraft:anvil",
						"speed": 8,
						"on_dig": {
							"event": "morestuff:durability"
						}
					},
					{
						"block": "minecraft:respawn_anchor",
						"speed": 8,
						"on_dig": {
							"event": "morestuff:durability"
						}
					},
					{
						"block": "minecraft:smoker",
						"speed": 8,
						"on_dig": {
							"event": "morestuff:durability"
						}
					},
					{
						"block": "minecraft:lit_smoker",
						"speed": 8,
						"on_dig": {
							"event": "morestuff:durability"
						}
					},
					{
						"block": "minecraft:beacon",
						"speed": 8,
						"on_dig": {
							"event": "morestuff:durability"
						}
					},
					{
						"block": "minecraft:conduit",
						"speed": 8,
						"on_dig": {
							"event": "morestuff:durability"
						}
					},
					{
						"block": "minecraft:bell",
						"speed": 8,
						"on_dig": {
							"event": "morestuff:durability"
						}
					},
					{
						"block": "minecraft:stonecutter",
						"speed": 8,
						"on_dig": {
							"event": "morestuff:durability"
						}
					},
					{
						"block": "minecraft:enchanting_table",
						"speed": 8,
						"on_dig": {
							"event": "morestuff:durability"
						}
					},
					{
						"block": "minecraft:furnace",
						"speed": 8,
						"on_dig": {
							"event": "morestuff:durability"
						}
					},
					{
						"block": "minecraft:lit_furnace",
						"speed": 8,
						"on_dig": {
							"event": "morestuff:durability"
						}
					},
					{
						"block": "minecraft:blast_furnace",
						"speed": 8,
						"on_dig": {
							"event": "morestuff:durability"
						}
					},
					{
						"block": "minecraft:lit_blast_furnace",
						"speed": 8,
						"on_dig": {
							"event": "morestuff:durability"
						}
					},
					{
						"block": "minecraft:observer",
						"speed": 8,
						"on_dig": {
							"event": "morestuff:durability"
						}
					},
					{
						"block": "minecraft:chain",
						"speed": 8,
						"on_dig": {
							"event": "morestuff:durability"
						}
					},
					{
						"block": "minecraft:dispenser",
						"speed": 8,
						"on_dig": {
							"event": "morestuff:durability"
						}
					},
					{
						"block": "minecraft:dropper",
						"speed": 8,
						"on_dig": {
							"event": "morestuff:durability"
						}
					},
					{
						"block": "minecraft:hopper",
						"speed": 8,
						"on_dig": {
							"event": "morestuff:durability"
						}
					},
					{
						"block": "minecraft:stonecutter_block",
						"speed": 8,
						"on_dig": {
							"event": "morestuff:durability"
						}
					},
					{
						"block": "minecraft:stone_slab",
						"speed": 8,
						"on_dig": {
							"event": "morestuff:durability"
						}
					},
					{
						"block": "minecraft:stone_slab2",
						"speed": 8,
						"on_dig": {
							"event": "morestuff:durability"
						}
					},
					{
						"block": "minecraft:stone_slab3",
						"speed": 8,
						"on_dig": {
							"event": "morestuff:durability"
						}
					},
					{
						"block": "minecraft:stone_slab12",
						"speed": 8,
						"on_dig": {
							"event": "morestuff:durability"
						}
					},
					{
						"block": "minecraft:double_stone_slab",
						"speed": 8,
						"on_dig": {
							"event": "morestuff:durability"
						}
					},
					{
						"block": "minecraft:double_stone_slab3",
						"speed": 8,
						"on_dig": {
							"event": "morestuff:durability"
						}
					},
					{
						"block": "minecraft:double_stone_slab2",
						"speed": 8,
						"on_dig": {
							"event": "morestuff:durability"
						}
					},
					{
						"block": "minecraft:double_stone_slab12",
						"speed": 8,
						"on_dig": {
							"event": "morestuff:durability"
						}
					},
					{
						"block": "minecraft:stone_stairs",
						"speed": 8,
						"on_dig": {
							"event": "morestuff:durability"
						}
					},
					{
						"block": "minecraft:brick_stairs",
						"speed": 8,
						"on_dig": {
							"event": "morestuff:durability"
						}
					},
					{
						"block": "minecraft:stone_brick_stairs",
						"speed": 8,
						"on_dig": {
							"event": "morestuff:durability"
						}
					},
					{
						"block": "minecraft:nether_brick_stairs",
						"speed": 8,
						"on_dig": {
							"event": "morestuff:durability"
						}
					},
					{
						"block": "minecraft:sandstone_stairs",
						"speed": 8,
						"on_dig": {
							"event": "morestuff:durability"
						}
					},
					{
						"block": "minecraft:quartz_stairs",
						"speed": 8,
						"on_dig": {
							"event": "morestuff:durability"
						}
					},
					{
						"block": "minecraft:red_sandstone_stairs",
						"speed": 8,
						"on_dig": {
							"event": "morestuff:durability"
						}
					},
					{
						"block": "minecraft:purpur_stairs",
						"speed": 8,
						"on_dig": {
							"event": "morestuff:durability"
						}
					},
					{
						"block": "minecraft:prismarine_stairs",
						"speed": 8,
						"on_dig": {
							"event": "morestuff:durability"
						}
					},
					{
						"block": "minecraft:prismarine_bricks_stairs",
						"speed": 8,
						"on_dig": {
							"event": "morestuff:durability"
						}
					},
					{
						"block": "minecraft:dark_prismarine_stairs",
						"speed": 8,
						"on_dig": {
							"event": "morestuff:durability"
						}
					},
					{
						"block": "minecraft:granite_stairs",
						"speed": 8,
						"on_dig": {
							"event": "morestuff:durability"
						}
					},
					{
						"block": "minecraft:diorite_stairs",
						"speed": 8,
						"on_dig": {
							"event": "morestuff:durability"
						}
					},
					{
						"block": "minecraft:polished_granite_stairs",
						"speed": 8,
						"on_dig": {
							"event": "morestuff:durability"
						}
					},
					{
						"block": "minecraft:andesite_stairs",
						"speed": 8,
						"on_dig": {
							"event": "morestuff:durability"
						}
					},
					{
						"block": "minecraft:polished_diorite_stairs",
						"speed": 8,
						"on_dig": {
							"event": "morestuff:durability"
						}
					},
					{
						"block": "minecraft:mossy_stone_brick_stairs",
						"speed": 8,
						"on_dig": {
							"event": "morestuff:durability"
						}
					},
					{
						"block": "minecraft:smooth_red_sandstone_stairs",
						"speed": 8,
						"on_dig": {
							"event": "morestuff:durability"
						}
					},
					{
						"block": "minecraft:smooth_sandstone_stairs",
						"speed": 8,
						"on_dig": {
							"event": "morestuff:durability"
						}
					},
					{
						"block": "minecraft:end_brick_stairs",
						"speed": 8,
						"on_dig": {
							"event": "morestuff:durability"
						}
					},
					{
						"block": "minecraft:mossy_cobblestone_stairs",
						"speed": 8,
						"on_dig": {
							"event": "morestuff:durability"
						}
					},
					{
						"block": "minecraft:normal_stone_stairs",
						"speed": 8,
						"on_dig": {
							"event": "morestuff:durability"
						}
					},
					{
						"block": "minecraft:red_nether_brick_stairs",
						"speed": 8,
						"on_dig": {
							"event": "morestuff:durability"
						}
					},
					{
						"block": "minecraft:smooth_quartz_stairs",
						"speed": 8,
						"on_dig": {
							"event": "morestuff:durability"
						}
					},
					{
						"block": "minecraft:polished_andesite_stairs",
						"speed": 8,
						"on_dig": {
							"event": "morestuff:durability"
						}
					},
					{
						"block": "minecraft:brewing_stand",
						"speed": 8,
						"on_dig": {
							"event": "morestuff:durability"
						}
					},
					{
						"block": "minecraft:lodestone",
						"speed": 8,
						"on_dig": {
							"event": "morestuff:durability"
						}
					},
					{
						"block": "minecraft:iron_door",
						"speed": 8,
						"on_dig": {
							"event": "morestuff:durability"
						}
					},
					{
						"block": "minecraft:iron_bars",
						"speed": 8,
						"on_dig": {
							"event": "morestuff:durability"
						}
					},
					{
						"block": "minecraft:iron_trapdoor",
						"speed": 8,
						"on_dig": {
							"event": "morestuff:durability"
						}
					},
					{
						"block": "minecraft:golden_rail",
						"speed": 8,
						"on_dig": {
							"event": "morestuff:durability"
						}
					},
					{
						"block": "minecraft:detector_rail",
						"speed": 8,
						"on_dig": {
							"event": "morestuff:durability"
						}
					},
					{
						"block": "minecraft:rail",
						"speed": 8,
						"on_dig": {
							"event": "morestuff:durability"
						}
					},
					{
						"block": "minecraft:activator_rail",
						"speed": 8,
						"on_dig": {
							"event": "morestuff:durability"
						}
					},
					{
						"block": "minecraft:nether_brick_fence",
						"speed": 8,
						"on_dig": {
							"event": "morestuff:durability"
						}
					},
					{
						"block": "minecraft:respawn_anchor",
						"speed": 8,
						"on_dig": {
							"event": "morestuff:durability"
						}
					},
					{
						"block": "minecraft:smooth_basalt",
						"speed": 8,
						"on_dig": {
							"event": "morestuff:durability"
						}
					},
					{
						"block": "minecraft:calcite",
						"speed": 8,
						"on_dig": {
							"event": "morestuff:durability"
						}
					},
					{
						"block": "minecraft:tuff",
						"speed": 8,
						"on_dig": {
							"event": "morestuff:durability"
						}
					},
					{
						"block": "minecraft:amethyst_block",
						"speed": 8,
						"on_dig": {
							"event": "morestuff:durability"
						}
					},
					{
						"block": "minecraft:budding_amethyst",
						"speed": 8,
						"on_dig": {
							"event": "morestuff:durability"
						}
					},
					{
						"block": "minecraft:dripstone_block",
						"speed": 8,
						"on_dig": {
							"event": "morestuff:durability"
						}
					},
					{
						"block": "minecraft:waxed_copper",
						"speed": 8,
						"on_dig": {
							"event": "morestuff:durability"
						}
					},
					{
						"block": "minecraft:waxed_cut_copper",
						"speed": 8,
						"on_dig": {
							"event": "morestuff:durability"
						}
					},
					{
						"block": "minecraft:waxed_cut_copper_slab",
						"speed": 8,
						"on_dig": {
							"event": "morestuff:durability"
						}
					},
					{
						"block": "minecraft:waxed_cut_copper_stairs",
						"speed": 8,
						"on_dig": {
							"event": "morestuff:durability"
						}
					},
					{
						"block": "minecraft:waxed_exposed_copper",
						"speed": 8,
						"on_dig": {
							"event": "morestuff:durability"
						}
					},
					{
						"block": "minecraft:waxed_exposed_cut_copper",
						"speed": 8,
						"on_dig": {
							"event": "morestuff:durability"
						}
					},
					{
						"block": "minecraft:waxed_exposed_cut_copper_slab",
						"speed": 8,
						"on_dig": {
							"event": "morestuff:durability"
						}
					},
					{
						"block": "minecraft:waxed_exposed_cut_copper_stairs",
						"speed": 8,
						"on_dig": {
							"event": "morestuff:durability"
						}
					},
					{
						"block": "minecraft:waxed_oxidized_copper",
						"speed": 8,
						"on_dig": {
							"event": "morestuff:durability"
						}
					},
					{
						"block": "minecraft:waxed_oxidized_cut_copper",
						"speed": 8,
						"on_dig": {
							"event": "morestuff:durability"
						}
					},
					{
						"block": "minecraft:waxed_oxidized_cut_copper_slab",
						"speed": 8,
						"on_dig": {
							"event": "morestuff:durability"
						}
					},
					{
						"block": "minecraft:waxed_oxidized_cut_copper_stairs",
						"speed": 8,
						"on_dig": {
							"event": "morestuff:durability"
						}
					},
					{
						"block": "minecraft:waxed_weathered_copper",
						"speed": 8,
						"on_dig": {
							"event": "morestuff:durability"
						}
					},
					{
						"block": "minecraft:waxed_weathered_cut_copper",
						"speed": 8,
						"on_dig": {
							"event": "morestuff:durability"
						}
					},
					{
						"block": "minecraft:waxed_weathered_cut_copper_slab",
						"speed": 8,
						"on_dig": {
							"event": "morestuff:durability"
						}
					},
					{
						"block": "minecraft:waxed_weathered_cut_copper_stairs",
						"speed": 8,
						"on_dig": {
							"event": "morestuff:durability"
						}
					},
					{
						"block": "minecraft:copper_block",
						"speed": 8,
						"on_dig": {
							"event": "morestuff:durability"
						}
					},
					{
						"block": "minecraft:copper_ore",
						"speed": 8,
						"on_dig": {
							"event": "morestuff:durability"
						}
					},
					{
						"block": "minecraft:cut_copper",
						"speed": 8,
						"on_dig": {
							"event": "morestuff:durability"
						}
					},
					{
						"block": "minecraft:cut_copper_slab",
						"speed": 8,
						"on_dig": {
							"event": "morestuff:durability"
						}
					},
					{
						"block": "minecraft:cut_copper_stairs",
						"speed": 8,
						"on_dig": {
							"event": "morestuff:durability"
						}
					},
					{
						"block": "minecraft:deepslate_copper_ore",
						"speed": 8,
						"on_dig": {
							"event": "morestuff:durability"
						}
					},
					{
						"block": "minecraft:exposed_copper",
						"speed": 8,
						"on_dig": {
							"event": "morestuff:durability"
						}
					},
					{
						"block": "minecraft:exposed_cut_copper",
						"speed": 8,
						"on_dig": {
							"event": "morestuff:durability"
						}
					},
					{
						"block": "minecraft:exposed_cut_copper_slab",
						"speed": 8,
						"on_dig": {
							"event": "morestuff:durability"
						}
					},
					{
						"block": "minecraft:exposed_cut_copper_stairs",
						"speed": 8,
						"on_dig": {
							"event": "morestuff:durability"
						}
					},
					{
						"block": "minecraft:oxidized_copper",
						"speed": 8,
						"on_dig": {
							"event": "morestuff:durability"
						}
					},
					{
						"block": "minecraft:oxidized_cut_copper",
						"speed": 8,
						"on_dig": {
							"event": "morestuff:durability"
						}
					},
					{
						"block": "minecraft:oxidized_cut_copper_slab",
						"speed": 8,
						"on_dig": {
							"event": "morestuff:durability"
						}
					},
					{
						"block": "minecraft:oxidized_cut_copper_stairs",
						"speed": 8,
						"on_dig": {
							"event": "morestuff:durability"
						}
					},
					{
						"block": "minecraft:raw_copper_block",
						"speed": 8,
						"on_dig": {
							"event": "morestuff:durability"
						}
					},
					{
						"block": "minecraft:weathered_copper",
						"speed": 8,
						"on_dig": {
							"event": "morestuff:durability"
						}
					},
					{
						"block": "minecraft:weathered_cut_copper",
						"speed": 8,
						"on_dig": {
							"event": "morestuff:durability"
						}
					},
					{
						"block": "minecraft:weathered_cut_copper_slab",
						"speed": 8,
						"on_dig": {
							"event": "morestuff:durability"
						}
					},
					{
						"block": "minecraft:weathered_cut_copper_stairs",
						"speed": 8,
						"on_dig": {
							"event": "morestuff:durability"
						}
					},
					{
						"block": "minecraft:deepslate",
						"speed": 8,
						"on_dig": {
							"event": "morestuff:durability"
						}
					},
					{
						"block": "minecraft:deepslate_brick_slab",
						"speed": 8,
						"on_dig": {
							"event": "morestuff:durability"
						}
					},
					{
						"block": "minecraft:deepslate_brick_stairs",
						"speed": 8,
						"on_dig": {
							"event": "morestuff:durability"
						}
					},
					{
						"block": "minecraft:deepslate_brick_wall",
						"speed": 8,
						"on_dig": {
							"event": "morestuff:durability"
						}
					},
					{
						"block": "minecraft:deepslate_bricks",
						"speed": 8,
						"on_dig": {
							"event": "morestuff:durability"
						}
					},
					{
						"block": "minecraft:deepslate_lapis_ore",
						"speed": 8,
						"on_dig": {
							"event": "morestuff:durability"
						}
					},
					{
						"block": "minecraft:deepslate_tile_slab",
						"speed": 8,
						"on_dig": {
							"event": "morestuff:durability"
						}
					},
					{
						"block": "minecraft:deepslate_tile_stairs",
						"speed": 8,
						"on_dig": {
							"event": "morestuff:durability"
						}
					},
					{
						"block": "minecraft:deepslate_tile_wall",
						"speed": 8,
						"on_dig": {
							"event": "morestuff:durability"
						}
					},
					{
						"block": "minecraft:deepslate_tiles",
						"speed": 8,
						"on_dig": {
							"event": "morestuff:durability"
						}
					},
					{
						"block": "minecraft:chiseled_deepslate",
						"speed": 8,
						"on_dig": {
							"event": "morestuff:durability"
						}
					},
					{
						"block": "minecraft:cobbled_deepslate",
						"speed": 8,
						"on_dig": {
							"event": "morestuff:durability"
						}
					},
					{
						"block": "minecraft:cobbled_deepslate_slab",
						"speed": 8,
						"on_dig": {
							"event": "morestuff:durability"
						}
					},
					{
						"block": "minecraft:cobbled_deepslate_stairs",
						"speed": 8,
						"on_dig": {
							"event": "morestuff:durability"
						}
					},
					{
						"block": "minecraft:cobbled_deepslate_wall",
						"speed": 8,
						"on_dig": {
							"event": "morestuff:durability"
						}
					},
					{
						"block": "minecraft:cracked_deepslate_bricks",
						"speed": 8,
						"on_dig": {
							"event": "morestuff:durability"
						}
					},
					{
						"block": "minecraft:cracked_deepslate_tiles",
						"speed": 8,
						"on_dig": {
							"event": "morestuff:durability"
						}
					},
					{
						"block": "minecraft:polished_deepslate",
						"speed": 8,
						"on_dig": {
							"event": "morestuff:durability"
						}
					},
					{
						"block": "minecraft:polished_deepslate_slab",
						"speed": 8,
						"on_dig": {
							"event": "morestuff:durability"
						}
					},
					{
						"block": "minecraft:polished_deepslate_stairs",
						"speed": 8,
						"on_dig": {
							"event": "morestuff:durability"
						}
					},
					{
						"block": "minecraft:polished_deepslate_wall",
						"speed": 8,
						"on_dig": {
							"event": "morestuff:durability"
						}
					},
					{
						"block": "minecraft:diamond_ore",
						"speed": 8,
						"on_dig": {
							"event": "morestuff:durability"
						}
					},
					{
						"block": "minecraft:redstone_ore",
						"speed": 8,
						"on_dig": {
							"event": "morestuff:durability"
						}
					},
					{
						"block": "minecraft:iron_ore",
						"speed": 8,
						"on_dig": {
							"event": "morestuff:durability"
						}
					},
					{
						"block": "minecraft:lapis_ore",
						"speed": 8,
						"on_dig": {
							"event": "morestuff:durability"
						}
					},
					{
						"block": "minecraft:coal_ore",
						"speed": 8,
						"on_dig": {
							"event": "morestuff:durability"
						}
					}
				],
				"on_dig": {
					"event": "morestuff:durability",
					"target": "self"
				}
			}
		},
		"events": {
			"morestuff:durability": {
				"damage": {
					"amount": 1,
					"type": "none"
				}
			}
		}
	}
}