{
	"format_version": "1.16.100",
	"minecraft:item": {
		"description": {
			"identifier": "ms:natures_blade"
		},
		"components": {
			"minecraft:max_stack_size": 1,
			"minecraft:hand_equipped": true,
			"minecraft:durability": {
				"max_durability": 2505
			},
			"minecraft:mining_speed": 1,
			"minecraft:damage": 6,
			"minecraft:enchantable": {
				"value": 14,
				"slot": "axe"
			},
			"minecraft:weapon": {
				"on_hurt_entity": {
					"event": "damaged",
					"target": "self"
				}
			},
			"minecraft:digger": {
				"use_efficiency": true,
				"destroy_speeds": [
					{
						"block": "minecraft:log",
						"speed": 100
					},
					{
						"block": "minecraft:log2",
						"speed": 100
					},
					{
						"block": "minecraft:mangrove_log",
						"speed": 100
					},
					{
						"block": "minecraft:warped_stem",
						"speed": 100
					},
					{
						"block": "minecraft:crimson_stem",
						"speed": 100
					}
				]
			},
			"minecraft:icon": {
				"texture": "ms_natures_blade"
			},
			"minecraft:creative_category": {
				"parent": "itemGroup.name.axe"
			}
		},
		"events": {
			"damaged": {
				"damage": {
					"amount": 1,
					"target": "self"
				}
			}
		}
	}
}